{"af":{"title":"Afghanistan","flag":"af","prefix":"93","placeholder":"XXX XXX XXXX"},"al":{"title":"Albania","flag":"al","prefix":"355","placeholder":"XXX XXX XXXX"},"dz":{"title":"Algeria","flag":"dz","prefix":"213","placeholder":"XXXX XX XX XX"},"as":{"title":"American Samoa","flag":"as","prefix":"1","placeholder":"(XXX) XXX-XXXX"},"ad":{"title":"Andorra","flag":"ad","prefix":"376","placeholder":"XXX XXX"},"ao":{"title":"Angola","flag":"ao","prefix":"244","placeholder":"XXX XXX XXX"},"ai":{"title":"Anguilla","flag":"ai","prefix":"1","placeholder":"(XXX) XXX-XXXX"},"ag":{"title":"Antigua and Barbuda","flag":"ag","prefix":"1","placeholder":"(XXX) XXX-XXXX"},"ar":{"title":"Argentina","flag":"ar","prefix":"54","placeholder":"XXX XX-XXXX-XXXX"},"am":{"title":"Armenia","flag":"am","prefix":"374","placeholder":"XXX XXXXXX"},"aw":{"title":"Aruba","flag":"aw","prefix":"297","placeholder":"XXX XXXX"},"au":{"title":"Australia","flag":"au","prefix":"61","placeholder":"XXXX XXX XXX"},"at":{"title":"Austria","flag":"at","prefix":"43","placeholder":"(0) XXX XX XX XXX"},"az":{"title":"Azerbaijan","flag":"az","prefix":"994","placeholder":"XXX XXX XX XX"},"bs":{"title":"Bahamas","flag":"bs","prefix":"1","placeholder":"(XXX) XXX-XXXX"},"bh":{"title":"Bahrain","flag":"bh","prefix":"973","placeholder":"XXXX XXXX"},"bd":{"title":"Bangladesh","flag":"bd","prefix":"880","placeholder":"XXXXX-XXXXXX"},"bb":{"title":"Barbados","flag":"bb","prefix":"1","placeholder":"(XXX) XXX-XXXX"},"by":{"title":"Belarus","flag":"by","prefix":"375","placeholder":"X XXX XXX-XX-XX"},"be":{"title":"Belgium","flag":"be","prefix":"32","placeholder":"XXXX XX XX XX"},"bz":{"title":"Belize","flag":"bz","prefix":"501","placeholder":"XXX-XXXX"},"bj":{"title":"Benin","flag":"bj","prefix":"229","placeholder":"XX XX XX XX"},"bm":{"title":"Bermuda","flag":"bm","prefix":"1","placeholder":"(XXX) XXX-XXXX"},"bt":{"title":"Bhutan","flag":"bt","prefix":"975","placeholder":"XX XX XX XX"},"bo":{"title":"Bolivia","flag":"bo","prefix":"591","placeholder":"XXXXXXXX"},"ba":{"title":"Bosnia and Herzegovina","flag":"ba","prefix":"387","placeholder":"XXX XXX XXX"},"bw":{"title":"Botswana","flag":"bw","prefix":"267","placeholder":"XX XXX XXX"},"br":{"title":"Brazil","flag":"br","prefix":"55","placeholder":"(XX) XXXXX-XXXX"},"io":{"title":"British Indian Ocean Territory","flag":"io","prefix":"246","placeholder":"XXX XXXX"},"vg":{"title":"British Virgin Islands","flag":"vg","prefix":"1","placeholder":"(XXX) XXX-XXXX"},"bn":{"title":"Brunei","flag":"bn","prefix":"673","placeholder":"XXX XXXX"},"bg":{"title":"Bulgaria","flag":"bg","prefix":"359","placeholder":"XXX XXX XXX"},"bf":{"title":"Burkina Faso","flag":"bf","prefix":"226","placeholder":"XX XX XX XX"},"bi":{"title":"Burundi","flag":"bi","prefix":"257","placeholder":"XX XX XX XX"},"kh":{"title":"Cambodia","flag":"kh","prefix":"855","placeholder":"XXX XXX XXX"},"cm":{"title":"Cameroon","flag":"cm","prefix":"237","placeholder":"X XX XX XX XX"},"ca":{"title":"Canada","flag":"ca","prefix":"1","placeholder":"(XXX) XXX-XXXX"},"cv":{"title":"Cape Verde","flag":"cv","prefix":"238","placeholder":"XXX XX XX"},"bq":{"title":"Caribbean Netherlands","flag":"bq","prefix":"599","placeholder":"XXX XXXX"},"ky":{"title":"Cayman Islands","flag":"ky","prefix":"1","placeholder":"(XXX) XXX-XXXX"},"cf":{"title":"Central African Republic","flag":"cf","prefix":"236","placeholder":"XX XX XX XX"},"td":{"title":"Chad","flag":"td","prefix":"235","placeholder":"XX XX XX XX"},"cl":{"title":"Chile","flag":"cl","prefix":"56","placeholder":"(X) XXXX XXXX"},"cn":{"title":"China","flag":"cn","prefix":"86","placeholder":"XXX XXXX XXXX"},"cx":{"title":"Christmas Island","flag":"cx","prefix":"61","placeholder":"XXXX XXX XXX"},"cc":{"title":"Cocos","flag":"cc","prefix":"61","placeholder":"XXXX XXX XXX"},"co":{"title":"Colombia","flag":"co","prefix":"57","placeholder":"XXX XXXXXXX"},"km":{"title":"Comoros","flag":"km","prefix":"269","placeholder":"XXX XX XX"},"cd":{"title":"Congo - Kinshasa","flag":"cd","prefix":"243","placeholder":"XXXX XXX XXX"},"cg":{"title":"Congo - Brazzaville","flag":"cg","prefix":"242","placeholder":"XX XXX XXXX"},"ck":{"title":"Cook Islands","flag":"ck","prefix":"682","placeholder":"XX XXX"},"cr":{"title":"Costa Rica","flag":"cr","prefix":"506","placeholder":"XXXX XXXX"},"ci":{"title":"C\u00f4te d\u2019Ivoire","flag":"ci","prefix":"225","placeholder":"XX XX XX XX"},"hr":{"title":"Croatia","flag":"hr","prefix":"385","placeholder":"X XXXX XXX"},"cu":{"title":"Cuba","flag":"cu","prefix":"53","placeholder":"XX XXXXXXX"},"cw":{"title":"Cura\u00e7ao","flag":"cw","prefix":"599","placeholder":"X XXX XXXX"},"cy":{"title":"Cyprus","flag":"cy","prefix":"357","placeholder":"XX XXXXXX"},"cz":{"title":"Czech Republic","flag":"cz","prefix":"420","placeholder":"XXX XXX XXX"},"dk":{"title":"Denmark","flag":"dk","prefix":"45","placeholder":"XX XX XX XX"},"dj":{"title":"Djibouti","flag":"dj","prefix":"253","placeholder":"XX XX XX XX"},"dm":{"title":"Dominica","flag":"dm","prefix":"1","placeholder":"(XXX) XXX-XXXX"},"do":{"title":"Dominican Republic","flag":"do","prefix":"1","placeholder":"(XXX) XXX-XXXX"},"ec":{"title":"Ecuador","flag":"ec","prefix":"593","placeholder":"XXX XXX XXXX"},"eg":{"title":"Egypt","flag":"eg","prefix":"20","placeholder":"XXXX XXX XXXX"},"sv":{"title":"El Salvador","flag":"sv","prefix":"503","placeholder":"XXXX XXXX"},"gq":{"title":"Equatorial Guinea","flag":"gq","prefix":"240","placeholder":"XXX XXX XXX"},"er":{"title":"Eritrea","flag":"er","prefix":"291","placeholder":"XX XXX XXX"},"ee":{"title":"Estonia","flag":"ee","prefix":"372","placeholder":"XXX XXXX"},"et":{"title":"Ethiopia","flag":"et","prefix":"251","placeholder":"XXX XXX XXXX"},"fk":{"title":"Falkland Islands","flag":"fk","prefix":"500","placeholder":"XXXXX"},"fo":{"title":"Faroe Islands","flag":"fo","prefix":"298","placeholder":"XXXXXX"},"fj":{"title":"Fiji","flag":"fj","prefix":"679","placeholder":"XXX XXXX"},"fi":{"title":"Finland","flag":"fi","prefix":"358","placeholder":"X XXXX"},"fr":{"title":"France","flag":"fr","prefix":"33","placeholder":"X X XX XX XX XX"},"gf":{"title":"French Guiana","flag":"gf","prefix":"594","placeholder":"XXXX XX XX XX"},"pf":{"title":"French Polynesia","flag":"pf","prefix":"689","placeholder":"XX XX XX XX"},"ga":{"title":"Gabon","flag":"ga","prefix":"241","placeholder":"XX XX XX XX"},"gm":{"title":"Gambia","flag":"gm","prefix":"220","placeholder":"XXX XXXX"},"ge":{"title":"Georgia","flag":"ge","prefix":"995","placeholder":"XX XXX XX XX"},"de":{"title":"Germany","flag":"de","prefix":"49","placeholder":"XXXX XXXXXXX"},"gh":{"title":"Ghana","flag":"gh","prefix":"233","placeholder":"XXX XXX XXXX"},"gi":{"title":"Gibraltar","flag":"gi","prefix":"350","placeholder":"XXXXXXXX"},"gr":{"title":"Greece","flag":"gr","prefix":"30","placeholder":"XXX XXX XXXX"},"gl":{"title":"Greenland","flag":"gl","prefix":"299","placeholder":"XX XX XX"},"gd":{"title":"Grenada","flag":"gd","prefix":"1","placeholder":"(XXX) XXX-XXXX"},"gp":{"title":"Guadeloupe","flag":"gp","prefix":"590","placeholder":"XXXX XX XX XX"},"gu":{"title":"Guam","flag":"gu","prefix":"1","placeholder":"(XXX) XXX-XXXX"},"gt":{"title":"Guatemala","flag":"gt","prefix":"502","placeholder":"XXXX XXXX"},"gg":{"title":"Guernsey","flag":"gg","prefix":"44","placeholder":"XXXXX XXXXXX"},"gn":{"title":"Guinea","flag":"gn","prefix":"224","placeholder":"XXX XX XX XX"},"gw":{"title":"Guinea-Bissau","flag":"gw","prefix":"245","placeholder":"XXX XXX XXX"},"gy":{"title":"Guyana","flag":"gy","prefix":"592","placeholder":"XXX XXXX"},"ht":{"title":"Haiti","flag":"ht","prefix":"509","placeholder":"XX XX XXXX"},"hn":{"title":"Honduras","flag":"hn","prefix":"504","placeholder":"XXXX-XXXX"},"hk":{"title":"Hong Kong","flag":"hk","prefix":"852","placeholder":"XXXX XXXX"},"hu":{"title":"Hungary","flag":"hu","prefix":"36","placeholder":"(XX) XXX XXXX"},"is":{"title":"Iceland","flag":"is","prefix":"354","placeholder":"XXX XXXX"},"in":{"title":"India","flag":"in","prefix":"91","placeholder":"XXXXXX XXXXX"},"id":{"title":"Indonesia","flag":"id","prefix":"62","placeholder":"XXXX-XXX-XXX"},"ir":{"title":"Iran","flag":"ir","prefix":"98","placeholder":"XX XXX XX"},"iq":{"title":"Iraq","flag":"iq","prefix":"964","placeholder":"XXXX XXX XXXX"},"ie":{"title":"Ireland","flag":"ie","prefix":"353","placeholder":"XXX XXX XXXX"},"im":{"title":"Isle of Man","flag":"im","prefix":"44","placeholder":"XXXXX XXXXXX"},"il":{"title":"Israel","flag":"il","prefix":"972","placeholder":"XXX-XXX-XXXX"},"it":{"title":"Italy","flag":"it","prefix":"39","placeholder":"XXX XXX XXXX"},"jm":{"title":"Jamaica","flag":"jm","prefix":"1","placeholder":"(XXX) XXX-XXXX"},"jp":{"title":"Japan","flag":"jp","prefix":"81","placeholder":"XXX-XXXX-XXXX"},"je":{"title":"Jersey","flag":"je","prefix":"44","placeholder":"XXXXX XXXXXX"},"jo":{"title":"Jordan","flag":"jo","prefix":"962","placeholder":"XX XXXX XXXX"},"kz":{"title":"Kazakhstan","flag":"kz","prefix":"7","placeholder":"X (XXX) XXX XXXX"},"ke":{"title":"Kenya","flag":"ke","prefix":"254","placeholder":"XXXX XXXXXX"},"ki":{"title":"Kiribati","flag":"ki","prefix":"686","placeholder":"XXXXXXXX"},"xk":{"title":"Kosovo","flag":"xk","prefix":"383","placeholder":"XXX XXX XXX"},"kw":{"title":"Kuwait","flag":"kw","prefix":"965","placeholder":"XXX XXXXX"},"kg":{"title":"Kyrgyzstan","flag":"kg","prefix":"996","placeholder":"XXXX XXX XXX"},"la":{"title":"Laos","flag":"la","prefix":"856","placeholder":"XXX XX XXX XXX"},"lv":{"title":"Latvia","flag":"lv","prefix":"371","placeholder":"XX XXX XXX"},"lb":{"title":"Lebanon","flag":"lb","prefix":"961","placeholder":"XX XXX XXX"},"ls":{"title":"Lesotho","flag":"ls","prefix":"266","placeholder":"XXXX XXXX"},"lr":{"title":"Liberia","flag":"lr","prefix":"231","placeholder":"XXX XXX XXXX"},"ly":{"title":"Libya","flag":"ly","prefix":"218","placeholder":"XXX-XXXXXXX"},"li":{"title":"Liechtenstein","flag":"li","prefix":"423","placeholder":"XXX XXX XXX"},"lt":{"title":"Lithuania","flag":"lt","prefix":"370","placeholder":"XXX XX XXX"},"lu":{"title":"Luxembourg","flag":"lu","prefix":"352","placeholder":"XXX XXX XXX"},"mo":{"title":"Macau","flag":"mo","prefix":"853","placeholder":"XXXX XXXX"},"mk":{"title":"Macedonia","flag":"mk","prefix":"389","placeholder":"XXX XXX XXX"},"mg":{"title":"Madagascar","flag":"mg","prefix":"261","placeholder":"XXX XX XXX XX"},"mw":{"title":"Malawi","flag":"mw","prefix":"265","placeholder":"XXXX XX XX XX"},"my":{"title":"Malaysia","flag":"my","prefix":"60","placeholder":"XXX-XXX XXXX"},"mv":{"title":"Maldives","flag":"mv","prefix":"960","placeholder":"XXX-XXXX"},"ml":{"title":"Mali","flag":"ml","prefix":"223","placeholder":"XX XX XX XX"},"mt":{"title":"Malta","flag":"mt","prefix":"356","placeholder":"XXXX XXXX"},"mh":{"title":"Marshall Islands","flag":"mh","prefix":"692","placeholder":"XXX-XXXX"},"mq":{"title":"Martinique","flag":"mq","prefix":"596","placeholder":"XXXX XX XX XX"},"mr":{"title":"Mauritania","flag":"mr","prefix":"222","placeholder":"XX XX XX XX"},"mu":{"title":"Mauritius","flag":"mu","prefix":"230","placeholder":"XXXX XXXX"},"yt":{"title":"Mayotte","flag":"yt","prefix":"262","placeholder":"XXXX XX XX XX"},"mx":{"title":"Mexico","flag":"mx","prefix":"52","placeholder":"XXX XXX XXX XXXX"},"fm":{"title":"Micronesia","flag":"fm","prefix":"691","placeholder":"XXX XXXX"},"md":{"title":"Moldova","flag":"md","prefix":"373","placeholder":"XXXX XX XXX"},"mc":{"title":"Monaco","flag":"mc","prefix":"377","placeholder":"XX XX XX XX XX"},"mn":{"title":"Mongolia","flag":"mn","prefix":"976","placeholder":"XXXX XXXX"},"me":{"title":"Montenegro","flag":"me","prefix":"382","placeholder":"XXX XXX XXX"},"ms":{"title":"Montserrat","flag":"ms","prefix":"1","placeholder":"(XXX) XXX-XXXX"},"ma":{"title":"Morocco","flag":"ma","prefix":"212","placeholder":"XXXX-XXXXXX"},"mz":{"title":"Mozambique","flag":"mz","prefix":"258","placeholder":"XX XXX XXXX"},"mm":{"title":"Myanmar","flag":"mm","prefix":"95","placeholder":"XX XXX XXXX"},"na":{"title":"Namibia","flag":"na","prefix":"264","placeholder":"XXX XXX XXXX"},"nr":{"title":"Nauru","flag":"nr","prefix":"674","placeholder":"XXX XXXX"},"np":{"title":"Nepal","flag":"np","prefix":"977","placeholder":"XXX-XXXXXXX"},"nl":{"title":"Netherlands","flag":"nl","prefix":"31","placeholder":"XXX XXX XXXX"},"nc":{"title":"New Caledonia","flag":"nc","prefix":"687","placeholder":"XX.XX.XX"},"nz":{"title":"New Zealand","flag":"nz","prefix":"64","placeholder":"XXX XXX XXXX"},"ni":{"title":"Nicaragua","flag":"ni","prefix":"505","placeholder":"XXXX XXXX"},"ne":{"title":"Niger","flag":"ne","prefix":"227","placeholder":"XX XX XX XX"},"ng":{"title":"Nigeria","flag":"ng","prefix":"234","placeholder":"XXXX XXX XXXX"},"nu":{"title":"Niue","flag":"nu","prefix":"683","placeholder":"XXX XXXX"},"nf":{"title":"Norfolk Island","flag":"nf","prefix":"672","placeholder":"X XXXXX"},"kp":{"title":"North Korea","flag":"kp","prefix":"850","placeholder":"XXXX XXX XXXX"},"mp":{"title":"Northern Mariana Islands","flag":"mp","prefix":"1","placeholder":"(XXX) XXX-XXXX"},"no":{"title":"Norway","flag":"no","prefix":"47","placeholder":"XX XX XX XX"},"om":{"title":"Oman","flag":"om","prefix":"968","placeholder":"XXXX XXXX"},"pk":{"title":"Pakistan","flag":"pk","prefix":"92","placeholder":"XXXX XXXXXXX"},"pw":{"title":"Palau","flag":"pw","prefix":"680","placeholder":"XXX XXXX"},"ps":{"title":"Palestine","flag":"ps","prefix":"970","placeholder":"XXXX XXX XXX"},"pa":{"title":"Panama","flag":"pa","prefix":"507","placeholder":"XXXX-XXXX"},"pg":{"title":"Papua New Guinea","flag":"pg","prefix":"675","placeholder":"XXXX XXXX"},"py":{"title":"Paraguay","flag":"py","prefix":"595","placeholder":"XXXX XXXXXX"},"pe":{"title":"Peru","flag":"pe","prefix":"51","placeholder":"XXX XXX XXX"},"ph":{"title":"Philippines","flag":"ph","prefix":"63","placeholder":"XXXX XXX XXXX"},"pl":{"title":"Poland","flag":"pl","prefix":"48","placeholder":"XX XXX XX XX"},"pt":{"title":"Portugal","flag":"pt","prefix":"351","placeholder":"XX XXX XXXX"},"pr":{"title":"Puerto Rico","flag":"pr","prefix":"1","placeholder":"(XXX) XXX-XXXX"},"qa":{"title":"Qatar","flag":"qa","prefix":"974","placeholder":"XXXX XXXX"},"re":{"title":"R\u00e9union","flag":"re","prefix":"262","placeholder":"XXXX XX XX XX"},"ro":{"title":"Romania","flag":"ro","prefix":"40","placeholder":"XX XXX XXXX"},"ru":{"title":"Russia","flag":"ru","prefix":"7","placeholder":"XXX XXX XX XX"},"rw":{"title":"Rwanda","flag":"rw","prefix":"250","placeholder":"XXXX XXX XXX"},"bl":{"title":"Saint Barth\u00e9lemy","flag":"bl","prefix":"590","placeholder":"XXXX XX XX XX"},"sh":{"title":"Saint Helena","flag":"sh","prefix":"290","placeholder":"XXXXX"},"kn":{"title":"Saint Kitts and Nevis","flag":"kn","prefix":"1","placeholder":"(XXX) XXX-XXXX"},"lc":{"title":"Saint Lucia","flag":"lc","prefix":"1","placeholder":"(XXX) XXX-XXXX"},"mf":{"title":"Saint Martin","flag":"mf","prefix":"590","placeholder":"XXXX XX XX XX"},"pm":{"title":"Saint Pierre and Miquelon","flag":"pm","prefix":"508","placeholder":"XXX XX XX"},"vc":{"title":"Saint Vincent and the Grenadines","flag":"vc","prefix":"1","placeholder":"(XXX) XXX-XXXX"},"ws":{"title":"Samoa","flag":"ws","prefix":"685","placeholder":"XX XXXXX"},"sm":{"title":"San Marino","flag":"sm","prefix":"378","placeholder":"XX XX XX XX"},"st":{"title":"S\u00e3o Tom\u00e9 and Pr\u00edncipe","flag":"st","prefix":"239","placeholder":"XXX XXXX"},"sa":{"title":"Saudi Arabia","flag":"sa","prefix":"966","placeholder":"XXX XXX XXXX"},"sn":{"title":"Senegal","flag":"sn","prefix":"221","placeholder":"XX XXX XX XX"},"rs":{"title":"Serbia","flag":"rs","prefix":"381","placeholder":"XXX XXXXXXX"},"sc":{"title":"Seychelles","flag":"sc","prefix":"248","placeholder":"X XXX XXX"},"sl":{"title":"Sierra Leone","flag":"sl","prefix":"232","placeholder":"(XXX) XXXXXX"},"sg":{"title":"Singapore","flag":"sg","prefix":"65","placeholder":"XXXX XXXX"},"sx":{"title":"Sint Maarten","flag":"sx","prefix":"1","placeholder":"(XXX) XXX-XXXX"},"sk":{"title":"Slovakia","flag":"sk","prefix":"421","placeholder":"XXXX XXX XXX"},"si":{"title":"Slovenia","flag":"si","prefix":"386","placeholder":"XXX XXX XXX"},"sb":{"title":"Solomon Islands","flag":"sb","prefix":"677","placeholder":"XX XXXXX"},"so":{"title":"Somalia","flag":"so","prefix":"252","placeholder":"X XXXXXXX"},"za":{"title":"South Africa","flag":"za","prefix":"27","placeholder":"XXX XXX XXXX"},"kr":{"title":"South Korea","flag":"kr","prefix":"82","placeholder":"XXX-XXXX-XXXX"},"ss":{"title":"South Sudan","flag":"ss","prefix":"211","placeholder":"XXXX XXX XXX"},"es":{"title":"Spain","flag":"es","prefix":"34","placeholder":"XX XXX XX XX"},"lk":{"title":"Sri Lanka","flag":"lk","prefix":"94","placeholder":"XXX XXX XXXX"},"sd":{"title":"Sudan","flag":"sd","prefix":"249","placeholder":"XXX XXX XXXX"},"sr":{"title":"Suriname","flag":"sr","prefix":"597","placeholder":"XXX-XXXX"},"sj":{"title":"Svalbard and Jan Mayen","flag":"sj","prefix":"47","placeholder":"XXX XX XXX"},"sz":{"title":"Swaziland","flag":"sz","prefix":"268","placeholder":"XXXX XXXX"},"se":{"title":"Sweden","flag":"se","prefix":"46","placeholder":"X XXX XX XX"},"ch":{"title":"Switzerland","flag":"ch","prefix":"41","placeholder":"XXX XXX XX XX"},"sy":{"title":"Syria","flag":"sy","prefix":"963","placeholder":"XXXX XXX XXX"},"tw":{"title":"Taiwan","flag":"tw","prefix":"886","placeholder":"X XXXXXXXX"},"tj":{"title":"Tajikistan","flag":"tj","prefix":"992","placeholder":"XXX XX XXXX"},"tz":{"title":"Tanzania","flag":"tz","prefix":"255","placeholder":"XXXX XXX XXX"},"th":{"title":"Thailand","flag":"th","prefix":"66","placeholder":"XXX XXX XXXX"},"tl":{"title":"Timor-Leste","flag":"tl","prefix":"670","placeholder":"XXXX XXXX"},"tg":{"title":"Togo","flag":"tg","prefix":"228","placeholder":"XX XX XX XX"},"tk":{"title":"Tokelau","flag":"tk","prefix":"690","placeholder":"XXXX"},"to":{"title":"Tonga","flag":"to","prefix":"676","placeholder":"XXX XXXX"},"tt":{"title":"Trinidad and Tobago","flag":"tt","prefix":"1","placeholder":"(XXX) XXX-XXXX"},"tn":{"title":"Tunisia","flag":"tn","prefix":"216","placeholder":"XX XXX XXX"},"tr":{"title":"Turkey","flag":"tr","prefix":"90","placeholder":"XXXX XXX XX XX"},"tm":{"title":"Turkmenistan","flag":"tm","prefix":"993","placeholder":"X XX XXXXXX"},"tc":{"title":"Turks and Caicos Islands","flag":"tc","prefix":"1","placeholder":"(XXX) XXX-XXXX"},"tv":{"title":"Tuvalu","flag":"tv","prefix":"688","placeholder":"XXXXXX"},"vi":{"title":"U.S. Virgin Islands","flag":"vi","prefix":"1","placeholder":"(XXX) XXX-XXXX"},"ug":{"title":"Uganda","flag":"ug","prefix":"256","placeholder":"XXXX XXXXXX"},"ua":{"title":"Ukraine","flag":"ua","prefix":"380","placeholder":"XX XXX XX XX"},"ae":{"title":"United Arab Emirates","flag":"ae","prefix":"971","placeholder":"XXX XXX XXXX"},"gb":{"title":"United Kingdom","flag":"gb","prefix":"44","placeholder":"XXXXX XXXXXX"},"us":{"title":"United States","flag":"us","prefix":"1","placeholder":"(XXX) XXX-XXXX"},"uy":{"title":"Uruguay","flag":"uy","prefix":"598","placeholder":"XXX XXX XXX"},"uz":{"title":"Uzbekistan","flag":"uz","prefix":"998","placeholder":"X XX XXX XX XX"},"vu":{"title":"Vanuatu","flag":"vu","prefix":"678","placeholder":"XXX XXXX"},"va":{"title":"Vatican City","flag":"va","prefix":"39","placeholder":"XXX XXX XXXX"},"ve":{"title":"Venezuela","flag":"ve","prefix":"58","placeholder":"XXXX-XXXXXXX"},"vn":{"title":"Vietnam","flag":"vn","prefix":"84","placeholder":"XXX XXX XX XX"},"wf":{"title":"Wallis and Futuna","flag":"wf","prefix":"681","placeholder":"XX XX XX"},"eh":{"title":"Western Sahara","flag":"eh","prefix":"212","placeholder":"XXXX-XXXXXX"},"ye":{"title":"Yemen","flag":"ye","prefix":"967","placeholder":"XXXX XXX XXX"},"zm":{"title":"Zambia","flag":"zm","prefix":"260","placeholder":"XXX XXXXXXX"},"zw":{"title":"Zimbabwe","flag":"zw","prefix":"263","placeholder":"XXX XXX XXXX"},"ax":{"title":"\u00c5land Islands","flag":"ax","prefix":"358","placeholder":"XXX XXXXXXX"}}