{
    "animation": "ba-form-icon-horizontal-slide-in-animation",
    "background": {
        "color": "#f5f8f9",
        "hover": "#212121"
    },
    "padding": {
        "link": false,
        "top": 20,
        "right": 60,
        "bottom": 20,
        "left": 60
    },
    "border": {
        "top": false,
        "right": false,
        "bottom": false,
        "left": false,
        "color": "#e3e3e3",
        "hover": "#e3e3e3",
        "radius": 0,
        "width": 1
    },
    "typography": {
        "font-family": "inherit",
        "font-size": 18,
        "letter-spacing": 0,
        "line-height": 18,
        "color" : "#ffffff",
        "hover" : "#ffffff",
        "font-weight" : "bold",
        "text-align" : "flex-start",
        "font-style" : "normal",
        "text-transform" : "none"
    },
    "icon":{
        "size": 24,
        "color": "#ffffff",
        "hover": "#ffffff",
        "text-align": "row"
    },
    "shadow": {
        "value": 0,
        "color": "rgba(0, 0, 0, 0.5)",
        "hover": "rgba(0, 0, 0, 0.5)"
    },
    "units": {
        "padding": "px",
        "border-radius": "px",
        "border-width": "px",
        "font-size": "px",
        "letter-spacing": "px",
        "line-height": "px",
        "size": "px"
    },
    "label": "Submit",
    "submit-icon": "zmdi zmdi-mail-send",
    "onclick": "message",
    "message": "Thank you! Your message has been sent.",
    "link": "",
    "payment": "",
    "php":"",
    "notifications": {
        "enable": true,
        "admin":{},
        "email": "",
        "custom-email":"",
        "subject": "You have a new submission",
        "body": "[All Fields]",
        "attach": true,
        "attach_pdf": false
    },
    "reply": {
        "enable": true,
        "email": "",
        "custom-email":"",
        "subject": "Thank you for your submission!",
        "body": "<p>Thank you for filling form! Your information has been successfully submitted. We will process its contents and get back to you as soon as possible.</p>",
        "attach": true,
        "attach_pdf": false
    },
    "database": true,
    "honeypot": true,
    "suffix": "",
    "recaptcha": ""
}